hgRNA	mr
AAACCCATGA	0.05941388065083354
AACATGCTAG	0.006335047434888036
AATAATGCCG	5.916812094576638e-4
AATCCATCAC	0.019481605715947863
AATTGGGCAA	-1.553030431450955e-11
AGACAGCAAC	3.259895799811694e-4
ATACCACACT	-1.553030431450955e-11
ATCTAACCGA	-1.553030431450955e-11
ATGACCGTCG	0.12083862355801471
CAACGAGATT	0.029447842232152906
CATTCACAAA	0.00881936623788612
CCCCGCCGCC	0.008408572824297243
CCCTCGCACC	0.13593892832284782
CCGTTAACAC	0.01949223578054814
CGAAAATAGT	0.14930265832067827
CGGCGGGTTG	0.023817137353511555
CGTTCATCAA	0.042358050161701535
GAATCAGCCG	0.020988444961467553
GAATTAAAAA	0.008158286785770623
GACAACCTCC	-1.553030431450955e-11
GACTATGTAA	-1.553030431450955e-11
GAGTCAAGCG	0.039817254948446255
GCAAGTGAGT	0.0015060602608310536
GGCAACTACG	0.005716039522349203
GTAATATATA	0.05959584408183495
GTGGGCGAGA	0.21723237460297937
TAAACCCAAT	0.008963861188261375
TAATTAATCC	0.029885994547119994
TCAACCCTCT	0.024973170834654057
TCAGCAAAAA	0.0011747389164664661
TGCACTTCCT	0.04866586343356637
TGGTCAACAA	0.16609901642287672
TGTCCAGATT	0.06835420772358722
TTAATAGACC	0.10732992573704106
TTCTTCTCCC	0.01135267050805965
